cpj	id	original	pj	jutjat	prov	num_juzg	poblacion	superficie	densidad	municipios	aut	pro	perc.1yr	perc.5yr	perc.10yr	juzg.unico	v006	v007	v008	v016	v025	v028	v029	v066	v067	v068	v069	v070	v071	v072	v080	v081	v112	v113	v114	v115	v116	v117	v118	v119	v120	v121	v122	v123	v135	v136	v137	v138	v139	v140	v141	v142	v143	v144	v145	v146	v147	v148	v149	v150	v151	v152	v153	v154	v155	v156	v157	v158	v159	v160	v161	v162	v164	v165	v166	v167	v168	v169	v170	v171	v172	v173	v174	v175	v176	v177	v178	v179	v180	v181	v182	v183	v184	v185	v186	v187	v188	v191	v192	v193	v194	v195	v196	v197	v198	v199	v200	v201	v202	v203	v204	v214	v215	years.judge	X0.15	X16.64	X65.y.mas	perc.0.15	perc.16.64	perc.65.	reemplazo	dependencia
1006	II001	1	Valencia de Alcántara	Valencia de Alcántara (único)	Cáceres	1	9586	1380.72	6.94	8	11	10	-1.3	-3.57	-3.88	1	53	33	1	2	10	2	6	1	1	2	1	1	1	1	2	1	4	4	5	5	4	1	4	2	7	2	2	10	1	1	1	5	6	1	5	6	1	1	4	1	1	1	1	1	1	1	1	1	1	1	4	6	1	1	2	2	2	7	7	7	7	7	7	7	7	7	7	1	2	1	1	2	1	1	1	1	1	2	1	1	1	1	1	2	2	4	1968	2	2	0	9	3	6	11	2	4	0	9	1037	5708	2841	10.82	59.55	29.64	0.365	0.679
1002	II002	1	Coria	Coria 1	Cáceres	2	47166	2174.42	21.69	36	11	10	-0.13	-1.08	-4.99	0	12	36	1	2	10	2	6	1	2	2	1	1	1	1	4	1	3	3	4	3	3	1	3	2	7	3	3	3	1	1	1	1	6	1	4	6	1	1	5	1	1	1	1	1	5	1	1	1	1	3	5	7	1	1	2	1	2	7	7	7	7	7	7	7	7	7	7	2	1	1	2	1	1	2	2	1	1	1	1	1	1	1	1	2	2	4	1971	2	2	0	14	5	3	10	13	4	1	6	6133	29610	11423	13	62.78	24.22	0.537	0.593
1007	II003	1	Logrosán	Logrosán (único)	Cáceres	1	13834	1986.77	6.96	12	11	10	-0.52	-5.41	-14.24	1	13	32	1	2	10	2	6	2	1	2	1	1	1	1	4	1	3	4	4	3	3	2	7	2	7	6	7	6	1	4	1	1	5	1	1	5	1	1	4	1	1	3	4	1	1	1	1	1	1	1	5	7	1	1	2	2	2	7	7	7	7	7	7	7	7	7	7	1	2	1	1	1	2	1	2	1	1	1	1	1	1	2	2	2	1	1	1965	1	1	3	2	4	9	6	10	5	0	10	1433	8148	4253	10.36	58.9	30.74	0.337	0.698
1003	II004	1	Navalmoral de la Mata	Navalmoral de la Mata 1	Cáceres	2	57695	2849.08	20.25	42	11	10	0.68	-1.14	0.81	0	4	39	1	2	10	2	6	1	2	1	1	1	1	1	4	2	4	3	5	4	4	1	4	2	7	2	3	7	1	1	1	1	4	1	4	6	1	1	3	4	1	5	1	1	1	1	1	1	1	1	4	7	2	1	2	1	2	7	7	7	7	7	7	7	7	7	7	1	1	2	1	1	2	1	2	1	1	1	1	1	1	1	1	2	2	5	1974	2	2	0	14	5	6	11	13	4	1	3	8648	37435	11612	14.99	64.88	20.13	0.745	0.541
608	II005	1	Jerez de los Caballeros	Jerez de los Caballeros	Badajoz	1	28260	1301.62	21.71	9	11	6	-0.46	-0.13	-2.63	1	48	31	1	2	10	1	1	2	1	2	1	1	1	1	3	2	4	4	4	4	4	1	4	1	4	3	3	2	1	1	1	3	6	1	1	6	4	1	5	1	1	5	5	4	5	6	1	1	1	7	5	4	7	5	2	3	2	7	7	7	7	7	7	7	7	7	7	1	1	1	2	1	2	1	2	1	1	1	1	1	1	1	1	3	2	4	1965	1	1	0	2	5	10	11	2	3	0	11	4314	17983	5963	15.27	63.63	21.1	0.723	0.571
607	II006	0	Zafra	Zafra 2	Badajoz	2	54448	1850.44	29.42	18	11	6	-0.05	1.6	0.76	0	13	35	1	2	10	1	3	1	1	2	1	1	1	1	2	1	4	4	4	4	4	1	3	1	3	3	1	2	1	1	1	1	5	1	4	6	1	1	1	1	1	1	1	1	1	1	1	1	1	7	4	7	2	3	2	2	2	7	7	7	7	7	7	7	7	7	7	1	1	2	1	1	2	1	2	1	1	1	1	1	1	1	2	2	2	3	1970	2	1	0	2	4	2	7	3	4	1	7	8593	35149	10706	15.78	64.56	19.66	0.803	0.549
2302	II007	1	Alcalá la Real	Alcalá la Real 2	Jaen	2	40454	641.06	63.1	4	1	23	0.25	0.89	1.96	0	33	37	1	2	10	2	6	2	1	2	1	1	1	1	5	1	1	5	3	3	4	1	3	1	3	1	2	3	1	1	1	6	6	1	6	6	1	1	5	4	1	4	1	1	1	5	1	1	1	7	4	1	1	3	2	1	2	7	7	7	7	7	7	7	7	7	7	1	1	2	1	1	2	1	2	1	1	1	1	1	1	1	1	3	2	5	1972	2	2	0	10	5	3	11	3	1	1	5	6111	25237	9106	15.11	62.38	22.51	0.671	0.603
1410	II008	1	Cabra	Cabra	Córdoba	2	32583	355.78	91.58	4	1	14	-0.48	0.8	1.9	0	4	37	1	2	10	2	6	2	1	2	1	1	1	1	3	1	3	4	5	5	6	1	3	1	1	3	11	2	1	1	1	2	5	1	2	1	1	1	5	1	1	5	1	1	1	1	1	1	1	7	7	7	3	3	2	2	2	7	7	7	7	7	7	7	7	7	7	1	1	2	1	1	2	1	2	1	1	1	1	1	1	1	1	3	2	5	1972	2	2	0	14	5	7	7	13	4	1	5	5222	21141	6220	16.03	64.88	19.09	0.84	0.541
4110	II009	1	Écija	Écija 1	Jaén	2	55876	1197.33	46.67	4	1	41	0.32	2.95	6.14	0	56	35	1	2	10	2	6	2	1	2	1	1	1	1	1	1	3	5	5	5	4	1	2	2	7	2	2	4	1	1	1	6	6	1	6	6	1	1	5	5	1	5	6	6	1	5	1	1	1	1	5	5	1	7	2	1	2	7	7	7	7	7	7	7	7	7	7	1	2	1	1	2	1	1	2	1	1	1	1	1	1	1	2	1	2	3	1970	1	2	0	1	3	12	11	13	5	1	7	9920	37596	8360	17.75	67.28	14.96	1.187	0.486
4110	II010	1	Écija	Écija 2	Jaén	2	55876	1197.33	46.67	4	1	41	0.32	2.95	6.14	0	48	39	1	2	10	2	6	1	1	2	1	1	1	1	3	1	3	5	5	5	4	1	5	1	1	1	2	1	1	3	1	5	5	1	5	6	1	1	4	5	1	6	5	1	1	4	1	1	1	7	4	4	1	5	2	1	1	7	7	7	2	7	7	7	7	7	7	1	1	2	1	1	2	1	2	1	1	1	1	1	1	1	1	2	2	5	1974	1	4	0	2	5	12	11	1	4	1	3	9920	37596	8360	17.75	67.28	14.96	1.187	0.486
2303	II011	1	Carolina, La	La Carolina	Jaén	2	35612	1529.06	23.29	9	1	23	-0.02	0.43	2.38	0	20	38	1	2	10	2	6	2	1	2	2	2	2	2	2	1	3	4	5	5	4	1	4	1	1	7	3	3	1	5	1	1	6	1	6	6	1	1	5	5	1	5	4	5	5	5	1	1	1	7	5	7	4	4	2	1	2	7	7	7	7	7	7	7	7	7	7	1	1	2	1	1	2	1	2	1	1	1	1	1	1	1	1	3	2	3	1973	2	1	0	2	4	7	3	3	4	1	4	5803	23857	5952	16.3	66.99	16.71	0.975	0.493
1407	II012	1	Lucena	Lucena - 1	Córdoba	3	67067	723.54	92.69	6	1	14	0.41	4.14	10.68	0	22	38	1	2	10	1	1	2	1	2	1	1	1	1	3	1	4	5	4	5	4	1	5	1	5	4	2	1	1	6	1	5	6	1	5	6	4	1	5	1	1	5	3	5	5	1	1	1	1	3	5	7	3	4	2	2	2	7	7	7	7	7	7	7	7	7	7	1	1	2	1	1	2	1	2	1	1	1	1	1	1	1	2	1	2	2	1971	1	1	1	2	4	3	10	2	3	1	4	12381	43877	10809	18.46	65.42	16.12	1.145	0.529
2309	II013	1	Martos	Martos	Jaén	2	55057	760.78	72.37	8	1	23	-0.02	1.29	3.64	0	17	40	1	2	10	2	6	2	1	2	1	1	1	1	3	1	4	4	3	4	4	1	4	1	4	1	2	11	1	5	1	1	5	1	5	5	1	1	4	5	1	1	7	7	1	5	1	1	1	1	3	3	3	7	2	1	2	7	7	7	7	7	7	7	7	7	7	1	1	2	1	1	2	1	2	1	1	1	1	1	1	1	1	3	2	4	1975	2	2	0	2	4	10	11	13	5	1	2	8985	35401	10671	16.32	64.3	19.38	0.842	0.555
1401	II014	1	Montoro	Montoro	Jaén	2	46966	1812.85	25.91	9	1	14	0.37	2.37	3.52	0	50	34	1	2	10	1	1	3	1	1	1	1	1	1	5	1	5	5	5	5	3	2	7	2	7	4	1	9	1	4	1	5	6	1	6	6	1	1	6	6	1	4	6	6	1	6	5	1	1	7	5	5	4	1	2	1	2	7	7	7	7	7	7	7	7	7	7	1	1	2	2	2	2	2	2	1	1	1	1	1	1	2	1	3	1	1	1963	1	1	2	8	1	9	11	10	5	1	8	7674	30773	8519	16.34	65.52	18.14	0.901	0.526
1403	II015	1	Pozoblanco	Pozoblanco 2	Córdoba	2	43389	2204.21	19.68	13	1	14	-0.51	0.02	0.41	0	48	34	1	2	10	2	6	1	2	2	1	1	1	1	2	1	4	4	5	5	3	1	1	2	7	11	10	2	1	1	1	1	4	1	4	5	1	1	4	1	1	5	1	4	1	1	1	1	1	7	1	7	1	7	2	3	2	7	7	7	7	7	7	7	7	7	7	1	2	1	1	1	1	2	2	1	1	1	1	1	1	2	2	1	1	2	1969	2	1	1	2	3	1	3	3	3	1	8	6308	27274	9807	14.54	62.86	22.6	0.643	0.591
2310	II016	1	Úbeda	Úbeda	Jaén	3	65906	817.51	80.62	6	1	23	0.12	4.73	6.2	0	17	40	1	2	10	1	2	2	1	2	1	1	1	1	1	1	4	4	5	5	5	1	2	1	2	3	2	3	1	5	1	6	6	1	4	6	1	1	5	1	1	5	1	2	1	1	1	1	1	1	5	1	7	2	2	3	2	7	7	7	7	7	7	7	7	7	7	1	1	2	1	1	2	1	2	1	1	1	1	1	1	1	1	2	1	4	1974	1	2	0	2	4	7	11	13	4	1	2	11561	43104	11241	17.54	65.4	17.06	1.028	0.529
2307	II017	1	Villacarrillo	Villacarrillo	Jaén	2	60744	3471.32	17.5	21	1	23	0.15	0.13	-1.26	0	17	37	1	2	10	2	6	1	1	2	1	1	1	1	2	1	5	5	5	5	5	1	4	1	4	2	2	7	1	5	1	1	6	1	6	4	1	1	5	5	1	5	1	1	1	1	1	1	1	7	4	7	2	7	2	2	2	7	7	7	7	7	7	7	7	7	7	1	1	2	1	1	2	1	2	1	1	1	1	1	1	1	1	3	2	4	1973	2	2	0	10	5	10	11	13	4	1	5	9172	38873	12699	15.1	63.99	20.91	0.722	0.563
3301	II018	1	Cangas del Narcea	Cangas del Narcea	Asturias	1	17135	1244.02	13.77	3	3	33	-1.33	-7.92	-16.4	1	37	32	2	2	10	1	4	2	1	2	1	1	1	1	1	1	5	4	5	4	4	1	3	1	3	2	3	2	1	1	1	1	6	1	5	6	5	1	4	1	1	5	5	5	1	4	1	1	1	7	2	7	7	4	2	1	2	7	7	7	7	7	7	7	7	7	7	1	1	2	1	1	2	1	2	1	1	1	1	1	1	1	1	4	2	4	1966	1	1	1	4	4	2	11	3	4	0	10	1754	10943	4438	10.24	63.86	25.9	0.395	0.566
3307	II019	1	Castropol	Castropol	Asturias	1	19793	804.3	24.61	11	3	33	-1.1	-4.84	-10.43	1	37	36	1	2	10	2	6	1	1	2	1	1	2	1	1	1	4	4	5	5	4	1	4	1	2	2	3	3	1	1	4	5	6	1	1	6	5	1	5	5	1	5	1	1	1	5	1	1	1	7	1	7	7	1	2	3	2	7	7	7	7	7	7	7	7	7	7	2	1	2	1	1	2	1	2	1	1	1	1	1	1	1	1	2	1	4	1971	2	1	1	14	5	13	3	13	4	0	6	1859	12279	5655	9.39	62.04	28.57	0.329	0.612
3305	II020	1	Grado	Grado	Asturias	2	22737	1224.13	18.57	7	3	33	-1	-3.86	-11.27	0	41	17	2	1	10	1	2	2	1	2	1	1	1	1	2	1	4	4	5	5	5	2	7	1	3	5	7	8	1	1	1	5	6	1	6	6	1	1	5	1	1	4	5	6	1	5	1	1	2	7	7	7	7	7	2	3	1	1	1	1	1	1	1	1	1	2	1	2	2	1	1	2	1	1	2	1	1	1	1	1	1	1	2	2	2	3	1952	1	1	2	9	1	8	11	2	3	1	25	1932	13694	7111	8.5	60.23	31.28	0.272	0.66
3313	II021	1	Langreo	Langreo	Asturias	4	44737	82.46	542.53	1	3	33	-1.45	-2.91	-7.57	0	34	37	2	2	10	2	6	1	1	2	1	1	2	1	1	1	4	4	4	5	4	1	1	2	7	2	7	9	1	5	1	4	4	1	4	4	1	1	4	1	1	5	5	1	1	1	1	1	1	7	1	7	7	1	2	1	2	7	7	7	7	7	7	7	7	7	7	2	2	1	1	1	1	2	2	1	1	1	1	1	1	1	1	4	2	5	1972	1	2	0	15	4	2	11	1	5	1	5	4643	30100	9994	10.38	67.28	22.34	0.465	0.486
3309	II022	1	Laviana	Laviana	Asturias	2	35105	564.47	62.19	4	3	33	-0.99	-4.19	-7.49	0	12	34	1	2	10	1	2	1	2	2	1	1	1	1	4	1	4	4	4	4	4	1	1	1	1	3	11	11	1	1	1	5	6	1	5	5	1	1	5	1	1	4	1	1	1	1	1	1	1	7	7	7	7	1	2	2	2	7	7	7	7	7	7	7	7	7	7	2	2	1	1	1	2	1	2	1	1	1	1	1	1	1	1	2	2	4	1969	1	3	1	14	5	3	3	1	4	1	8	3518	23086	8501	10.02	65.76	24.22	0.414	0.521
3311	II023	1	Llanes	Llanes	Asturias	1	20093	713.58	28.16	5	3	33	0.46	2.89	1.7	1	37	37	1	2	10	1	1	3	1	1	1	1	1	1	2	1	5	4	5	5	4	1	1	1	1	1	1	1	6	5	1	5	6	1	5	6	5	1	4	1	1	1	5	1	1	5	1	1	1	7	4	7	7	4	2	1	2	7	7	7	7	7	7	7	7	7	7	1	2	2	1	2	2	1	2	1	1	1	1	1	1	1	2	2	2	3	1973	1	2	0	9	4	4	9	10	5	0	5	2123	12778	5192	10.57	63.59	25.84	0.409	0.572
3306	II025	1	Siero	Siero 2	Asturias	4	60747	275.3	220.66	4	3	33	0.55	5.38	8.05	0	37	38	1	2	10	1	4	2	1	2	1	1	2	1	1	1	5	4	5	5	4	1	3	1	1	12	12	9	1	5	1	5	5	1	4	5	3	1	4	1	1	3	5	1	1	1	1	1	1	7	7	7	7	3	2	2	2	7	7	7	7	7	7	7	7	7	7	2	1	1	2	1	1	2	2	1	1	1	1	1	1	1	1	3	2	1	1974	1	2	0	17	5	2	11	1	4	1	4	7904	41377	11466	13.01	68.11	18.88	0.689	0.468
3317	II026	1	Villaviciosa	Villaviciosa	Asturias	1	19219	387.16	49.64	3	3	33	0.36	1.97	0.69	1	8	39	1	2	10	1	4	2	1	2	1	1	1	1	2	1	5	4	4	3	4	1	5	1	2	3	3	3	1	1	1	1	6	1	5	5	1	1	5	1	1	1	1	1	1	5	1	1	1	7	1	7	1	3	2	1	1	7	7	7	2	7	7	7	7	7	7	1	1	2	1	1	2	1	1	1	2	1	1	1	1	1	1	4	2	4	1973	2	1	0	7	3	10	10	3	2	0	3	1873	12044	5302	9.75	62.67	27.59	0.353	0.596
1501	II027	1	Betanzos	Betanzos 1	Coruña	4	79540	1142.43	69.62	17	12	15	-0.11	2.04	4.13	0	57	8	1	2	10	2	6	1	2	2	1	1	1	1	2	1	4	3	5	5	4	1	5	1	1	2	3	11	1	5	5	5	6	1	4	6	1	1	4	6	1	4	6	5	1	1	1	1	1	1	5	1	7	7	2	2	2	7	7	7	7	7	7	7	7	7	7	1	2	2	1	2	2	1	2	1	1	1	1	1	1	1	1	3	2	4	1973	2	2	0	12	4	7	11	13	5	1	35	8739	50342	20459	10.99	63.29	25.72	0.427	0.58
1501	II028	1	Betanzos	Betanzos 3	Coruña	4	79540	1142.43	69.62	17	12	15	-0.11	2.04	4.13	0	45	22	2	1	1	2	6	2	2	2	1	1	1	1	2	1	5	4	5	4	4	1	5	1	3	2	7	2	6	1	6	1	1	1	5	6	5	1	2	4	1	5	5	5	1	6	1	1	1	1	1	7	1	7	2	1	1	7	7	7	7	7	7	7	7	7	7	2	2	1	1	1	2	1	2	1	1	1	1	1	1	1	1	4	3	5	1958	2	2	0	12	4	4	11	2	4	1	20	8739	50342	20459	10.99	63.29	25.72	0.427	0.58
3612	II029	1	Caldas de Reis	Caldas de Reis	Pontevedra	2	37537	360.74	104.06	8	12	36	-0.25	0.87	-0.22	0	45	36	1	2	10	2	6	1	2	2	1	1	1	1	1	1	5	4	4	4	4	1	5	1	1	1	2	10	1	1	1	1	4	1	5	5	1	1	4	1	1	5	5	5	1	1	1	1	1	1	5	1	5	7	2	2	2	7	7	7	7	7	7	7	7	7	7	2	2	2	1	1	1	2	2	1	1	1	1	1	1	1	1	3	1	3	1971	1	4	0	12	3	9	11	2	4	1	6	4790	24452	8295	12.76	65.14	22.1	0.577	0.535
3607	II030	1	Cangas	Cangas 1	Pontevedra	3	51481	110.03	467.88	3	12	36	0.68	3.66	8.3	0	4	36	1	2	10	1	2	1	2	2	1	1	1	1	1	1	3	5	5	5	4	1	4	1	3	1	10	7	6	1	1	1	6	1	3	6	4	1	6	3	1	5	5	4	1	1	1	1	1	7	2	7	7	7	2	2	1	7	7	7	7	7	1	7	1	7	1	1	2	1	1	1	2	1	1	2	2	1	1	1	1	1	1	3	1	4	1971	1	1	1	14	5	6	6	2	5	1	6	7131	35102	9248	13.85	68.18	17.96	0.771	0.467
3607	II031	0	Cangas	Cangas 2	Pontevedra	3	51481	110.03	467.88	3	12	36	0.68	3.66	8.3	0	17	37	1	2	10	2	6	2	2	2	1	1	1	1	2	1	5	4	5	5	4	1	4	1	1	1	1	11	1	5	1	1	5	1	5	6	4	1	4	1	1	1	4	1	1	1	1	1	1	7	2	7	7	1	2	2	2	7	7	7	7	7	7	7	7	7	7	2	2	1	1	1	1	2	2	1	1	1	1	1	1	1	1	4	2	5	1971	2	2	0	19	3	12	11	1	4	1	5	7131	35102	9248	13.85	68.18	17.96	0.771	0.467
2708	II032	1	Fonsagrada, A	Fonsagrada, A	Lugo	1	8087	995.08	8.13	5	12	27	-1.82	-11.51	-21.09	1	39	37	1	2	10	2	6	1	2	2	1	1	1	1	4	2	4	4	4	4	4	1	5	1	4	1	6	10	1	1	1	5	6	1	1	5	1	1	4	1	1	5	5	4	1	1	1	1	1	2	4	7	2	7	2	3	2	7	7	7	7	7	7	7	7	7	7	2	2	1	1	2	1	1	2	1	1	1	1	1	1	1	1	3	1	3	1972	1	2	0	17	4	6	11	13	4	0	5	407	4411	3269	5.03	54.54	40.42	0.125	0.833
3613	II033	1	Marín	Marín 1	Pontevedra	2	38212	67.52	565.94	2	12	36	-0.4	-1.33	0.47	0	45	38	1	2	10	2	6	1	2	2	1	1	1	1	1	1	4	5	4	5	5	1	5	2	7	1	11	11	6	5	1	5	5	1	5	6	1	1	5	5	1	4	4	1	1	1	1	1	1	1	7	1	7	7	2	1	2	7	7	7	7	7	7	7	7	7	7	2	2	1	1	1	1	2	2	1	1	1	1	1	1	1	1	4	2	4	1973	2	2	0	12	2	12	12	13	3	1	4	5663	25751	6798	14.82	67.39	17.79	0.833	0.484
3613	II034	0	Marín	Marín 2	Pontevedra	2	38212	67.52	565.94	2	12	36	-0.4	-1.33	0.47	0	20	37	1	2	10	2	6	2	2	2	1	1	1	1	1	1	5	4	5	4	2	1	5	1	1	11	11	11	1	5	1	3	5	1	5	6	6	1	6	6	1	5	5	5	1	5	1	1	1	7	7	7	7	1	2	2	1	7	7	7	7	7	7	1	7	7	7	2	1	2	1	1	1	2	2	1	1	1	1	1	1	1	1	3	3	5	1972	2	2	0	12	3	12	12	13	4	1	5	5663	25751	6798	14.82	67.39	17.79	0.833	0.484
1511	II035	1	Negreira	Negreira	Coruña	1	28882	491.89	58.72	4	12	15	-0.76	0.45	-0.45	1	45	34	2	2	10	2	6	2	1	2	1	1	1	1	1	2	4	4	5	5	3	1	1	1	1	6	7	3	1	5	1	6	6	1	5	5	1	1	6	5	1	5	5	1	5	1	1	1	2	7	7	7	7	7	2	2	2	7	7	7	7	7	7	7	7	7	7	2	2	2	1	1	2	1	2	1	1	1	1	1	1	1	1	3	2	4	1967	1	1	0	12	3	2	11	12	2	0	8	3386	18215	7281	11.72	63.07	25.21	0.465	0.586
1510	II036	1	Ribeira	Ribeira 2	Coruña	3	56531	187.92	300.82	3	12	15	0.16	1.66	3.64	0	45	36	1	2	10	2	6	2	2	2	1	1	1	1	2	1	4	4	5	5	6	1	4	1	1	1	10	10	1	4	1	6	6	1	5	6	5	1	5	4	1	5	5	4	5	5	1	1	1	7	4	7	4	5	2	2	2	7	7	7	7	7	7	7	7	7	7	1	2	1	1	2	1	1	2	1	1	1	1	1	1	1	2	2	2	1	1971	2	2	0	12	3	10	7	13	5	1	6	8394	37491	10646	14.85	66.32	18.83	0.788	0.508
1510	II037	1	Ribeira	Ribeira 3	Coruña	3	56531	187.92	300.82	3	12	15	0.16	1.66	3.64	0	12	34	1	2	10	2	6	2	2	1	1	1	1	1	4	1	5	4	5	4	3	1	4	1	2	6	11	6	1	2	1	5	4	5	5	6	3	1	3	1	1	3	2	2	6	4	1	1	1	1	5	7	1	5	2	1	2	7	7	7	7	7	7	7	7	7	7	1	1	2	1	1	2	1	2	1	1	1	1	1	1	1	1	1	2	4	1975	2	2	0	14	5	12	11	12	3	1	8	8394	37491	10646	14.85	66.32	18.83	0.788	0.508
2707	II038	1	Sarria	Sarria	Lugo	1	23739	785.06	30.24	6	12	27	-0.78	-3.44	-6.94	1	43	35	1	2	10	2	6	2	1	2	1	1	1	1	2	1	4	4	5	5	4	1	2	1	3	2	3	1	1	1	1	5	6	5	6	5	1	1	3	1	1	5	4	1	1	1	1	1	1	7	5	7	1	7	1	2	2	7	7	7	7	7	7	7	7	7	7	2	2	2	1	1	2	1	2	1	1	1	1	1	1	1	1	3	2	2	1970	2	1	0	14	5	12	11	2	4	0	7	2099	14368	7272	8.84	60.52	30.63	0.289	0.652
3606	II039	1	Tui	Tui	Pontevedra	3	51116	322.86	158.32	5	12	36	0.11	4.48	11.25	0	45	40	2	2	10	2	6	2	2	1	1	1	1	1	1	2	5	4	5	5	4	1	1	1	1	1	1	11	1	5	1	1	5	1	4	6	1	1	4	5	1	5	5	4	1	1	1	1	1	7	5	1	2	7	1	2	2	7	7	7	7	7	7	7	7	7	7	2	2	1	1	1	2	1	2	1	1	1	1	1	1	1	1	2	3	3	1965	2	1	1	12	4	6	11	4	3	1	2	7279	34008	9829	14.24	66.53	19.23	0.741	0.503
2704	II040	1	Vilalba	Vilalba 1	Lugo	2	32359	1275.01	25.38	6	12	27	-1.11	-3.95	-8.55	0	45	34	1	2	10	2	6	2	2	2	1	1	1	1	2	2	5	4	5	5	4	1	4	1	1	2	5	7	1	1	1	1	5	1	5	6	1	1	5	1	1	6	1	1	1	1	1	1	1	7	1	7	1	7	2	3	2	7	7	7	7	7	7	7	7	7	7	1	1	1	2	1	1	2	2	1	1	1	1	1	1	1	1	3	2	4	1967	2	1	0	12	4	1	11	2	5	1	8	2756	19541	10062	8.52	60.39	31.09	0.274	0.656
2704	II041	0	Vilalba	Vilalba 2	Lugo	2	32359	1275.01	25.38	6	12	27	-1.11	-3.95	-8.55	0	37	36	2	1	1	1	5	2	1	2	1	1	1	1	1	1	5	4	5	4	4	1	4	1	1	2	2	11	1	1	1	6	6	1	5	5	1	1	1	5	1	1	1	5	1	1	1	1	1	7	7	7	7	1	2	1	2	7	7	7	7	7	7	7	7	7	7	3	1	2	1	1	2	1	2	1	1	1	1	1	1	1	1	4	2	4	1961	1	2	0	4	4	5	11	13	5	1	6	2756	19541	10062	8.52	60.39	31.09	0.274	0.656
2706	II042	1	Viveiro	Viveiro 1	Lugo	2	46781	602.42	77.66	7	12	27	-0.42	1.84	2.18	0	37	36	1	2	10	1	4	2	2	2	1	1	1	1	2	2	5	5	5	5	5	1	4	2	7	2	10	10	1	6	1	5	6	1	5	6	1	1	5	1	1	1	6	1	6	5	1	1	1	7	5	1	1	7	2	4	2	7	7	7	7	7	7	7	7	7	7	1	2	2	1	1	1	2	2	1	1	1	1	1	1	1	1	3	2	4	1972	2	2	0	4	4	5	11	12	4	1	6	5333	31104	10344	11.4	66.49	22.11	0.516	0.504
905	II043	1	Lerma	Lerma	Burgos	1	10451	1357.22	7.7	44	7	9	-1.02	-4.9	-8.8	1	53	35	1	2	12	2	6	2	1	2	1	1	1	1	3	1	5	5	5	5	3	1	4	1	2	2	2	7	1	4	1	6	6	1	6	6	5	1	5	1	1	5	5	6	1	5	1	1	1	7	7	3	1	3	2	1	2	7	7	7	7	7	7	7	7	7	7	1	1	2	1	1	2	1	1	1	2	1	1	1	1	1	1	3	2	2	1969	2	1	0	14	5	10	11	3	5	0	9	940	6244	3267	8.99	59.75	31.26	0.288	0.674
902	II044	1	Aranda de Duero	Aranda de Duero 2	Burgos	2	51735	1967.64	26.29	64	7	9	0.15	2.98	5.65	0	53	40	1	2	10	1	1	2	2	1	1	1	1	1	3	1	5	7	3	5	5	1	4	1	3	2	3	3	1	3	1	4	6	1	4	6	1	1	4	1	1	2	1	1	1	1	1	1	1	7	7	7	7	2	2	1	1	7	7	2	7	7	7	7	7	7	7	1	1	2	1	2	1	1	2	1	1	1	1	1	1	1	1	2	2	2	1975	2	2	0	9	4	7	11	3	5	1	3	6738	33408	11589	13.02	64.58	22.4	0.581	0.549
2403	II045	1	Bañeza, La	La Bañeza	León	2	34803	1442.97	24.12	33	7	24	-1.36	-5.23	-10.68	0	53	37	1	2	12	2	6	2	1	2	1	1	1	1	3	1	5	4	5	5	4	1	4	2	7	7	5	1	1	1	5	1	4	1	4	6	1	1	5	1	1	5	5	1	1	1	1	1	1	1	3	3	3	3	2	2	2	7	7	7	7	7	7	7	7	7	7	1	2	1	1	1	2	1	2	1	1	1	1	1	1	1	1	3	2	2	1968	1	1	1	9	4	10	11	10	5	1	7	3128	20244	11431	8.99	58.17	32.84	0.274	0.719
4703	II046	1	Medina de Rioseco	Medina de Rioseco	Valladolid	1	20539	2233.62	9.2	64	7	47	-1.06	-3.95	-7.89	1	53	28	1	2	2	1	4	1	1	2	1	1	2	1	1	1	4	4	5	5	4	1	4	1	4	2	3	7	4	4	1	1	5	1	5	5	5	1	5	5	1	5	5	5	1	5	1	5	1	7	2	2	2	3	2	1	2	7	7	7	7	7	7	7	7	7	7	1	2	1	1	1	1	2	2	1	1	1	1	1	1	1	1	2	2	2	1963	2	1	2	9	3	8	11	7	4	0	NA	1893	12779	5867	9.22	62.22	28.57	0.323	0.607
906	II047	1	Briviesca	Briviesca	Burgos	1	17878	1704.11	10.49	67	7	9	-0.57	-0.66	-0.81	1	20	31	2	1	12	1	3	2	1	2	1	1	1	1	4	2	3	4	5	4	4	1	4	2	7	2	5	11	5	1	1	1	6	1	4	6	4	1	4	5	1	3	4	4	1	1	1	1	1	7	3	7	7	3	2	1	1	7	7	7	7	7	7	2	7	7	7	2	1	2	1	1	2	1	2	1	1	1	1	1	1	1	1	3	2	5	1966	2	2	0	9	4	7	7	13	4	0	13	2061	11045	4772	11.53	61.78	26.69	0.432	0.619
3702	II048	1	Ciudad Rodrigo	Ciudad Rodrigo 2	Salamanca	2	29767	2847.34	10.45	58	7	37	-0.22	-4.39	-10.86	0	41	41	1	2	12	1	1	1	2	2	1	1	1	1	5	1	3	5	5	5	3	1	1	1	1	7	7	9	1	3	1	4	6	1	4	6	1	1	1	5	1	5	5	1	1	1	1	5	1	7	7	2	4	3	2	1	2	7	7	7	7	7	7	7	7	7	7	2	1	1	2	1	1	2	2	1	1	1	1	1	1	1	1	2	1	1	1976	1	1	0	9	3	6	6	2	5	1	3	2817	17451	9499	9.46	58.63	31.91	0.297	0.706
3705	II049	1	Peñaranda de Bracamonte	Peñaranda de Bracamonte 1	Salamanca	1	20865	1032.02	20.22	33	7	37	-1.04	-3.63	-8.34	0	41	38	1	2	12	1	3	1	1	2	1	1	1	1	5	1	4	4	5	4	3	1	3	1	3	6	10	1	4	5	1	1	5	1	4	5	5	1	4	1	1	4	1	1	1	1	1	1	1	7	1	7	7	3	2	1	2	7	7	7	7	7	7	7	7	7	7	1	1	2	1	1	1	2	2	1	1	1	1	1	1	1	2	2	2	3	1973	1	2	0	14	5	7	10	13	3	1	6	2096	12904	5865	10.05	61.85	28.11	0.357	0.617
502	II050	1	Arenas de San Pedro	Arenas de San Pedro	Ávila	2	35303	1161.6	30.39	24	7	5	0.95	2.84	7.2	0	12	37	1	2	12	1	3	1	2	2	1	1	1	1	5	1	3	5	5	4	2	1	1	2	7	3	5	1	1	6	1	1	6	1	5	6	1	1	1	1	1	5	1	1	5	5	1	1	1	7	2	7	3	1	2	1	2	7	7	7	7	7	7	7	7	7	7	1	2	1	1	1	1	2	2	1	1	1	1	1	1	1	1	3	2	1	1972	1	1	1	14	5	7	11	2	2	1	7	4526	21777	9000	12.82	61.69	25.49	0.503	0.621
406	II051	1	Vélez-Rubio	Vélez-Rubio	Almería	1	12688	1145.46	11.08	4	1	4	-0.31	0.96	6.13	1	12	36	1	2	10	2	6	2	1	2	1	1	1	1	4	1	5	4	4	5	4	1	4	2	7	2	2	1	1	4	1	1	5	1	1	5	1	1	1	1	1	1	1	1	1	1	1	1	1	1	4	1	6	4	2	1	2	7	7	7	7	7	7	7	7	7	7	1	2	1	1	1	2	1	1	1	2	1	1	1	1	1	2	3	2	2	1971	2	2	0	14	5	3	11	1	4	0	6	1629	7876	3183	12.84	62.07	25.09	0.512	0.611
404	II052	1	Vera	Vera	Almería	3	66635	924.41	72.08	10	1	4	1.92	19.46	51.48	0	4	34	1	2	10	2	6	2	1	2	1	1	1	1	5	1	5	4	5	4	4	1	2	2	7	10	2	1	5	5	5	1	6	1	5	6	1	1	5	6	1	4	5	1	5	6	5	1	1	7	6	7	4	4	2	2	2	7	7	7	7	7	7	7	7	7	7	2	2	1	1	1	2	1	2	1	1	1	1	1	1	1	1	4	2	5	1969	2	1	0	14	5	3	7	10	4	1	8	11038	45211	10386	16.56	67.85	15.59	1.063	0.474
1806	II053	1	Baza	Baza	Granada	2	42416	1731.49	24.5	8	1	18	-0.23	-1.06	2.52	0	33	37	1	2	10	2	6	1	1	2	1	1	1	1	3	1	5	5	5	5	4	1	3	1	2	1	3	2	1	4	1	6	6	1	6	5	1	1	4	4	1	1	4	4	1	1	1	1	1	2	2	7	1	7	2	3	2	7	7	7	7	7	7	7	7	7	7	1	1	1	2	1	2	1	2	1	1	1	1	1	1	1	1	2	1	2	1971	1	1	2	2	5	1	11	11	4	1	5	6187	27484	8745	14.59	64.8	20.62	0.707	0.543
1802	II054	1	Guadix	Guadix	Granada	2	49199	2130.86	23.09	33	1	18	0.4	-0.87	-1.84	0	17	37	1	2	10	2	6	1	1	2	1	1	1	1	2	1	5	5	5	5	5	1	5	1	3	2	1	3	1	5	1	1	6	1	1	6	1	1	5	5	1	5	5	1	6	5	1	1	1	7	1	1	1	6	2	1	1	1	1	7	7	7	7	2	3	7	7	1	1	2	1	2	2	1	1	2	1	1	1	1	1	1	1	3	2	4	1972	2	1	0	2	2	3	3	3	3	1	5	6945	31890	10364	14.12	64.82	21.07	0.67	0.543
2911	II055	1	Archidona	Archidona	Málaga	1	29658	438.8	67.59	7	1	29	-0.27	2.4	7.91	1	17	35	1	2	10	2	6	2	1	2	1	1	1	1	5	1	4	4	4	3	4	1	3	1	2	3	3	1	1	5	1	1	6	1	2	6	5	1	4	6	1	5	3	3	6	1	1	1	1	1	3	2	2	7	2	2	1	7	7	7	2	5	7	2	7	2	7	1	2	1	1	2	1	1	2	1	1	1	1	1	1	1	1	3	2	2	1970	2	1	2	2	4	4	11	2	5	0	7	4628	19229	5801	15.6	64.84	19.56	0.798	0.542
2902	II056	1	Vélez-Málaga	Vélez-Málaga 2	Málaga	5	102637	529.8	193.73	17	1	29	1.59	11.99	31.75	0	35	36	1	2	10	1	3	2	1	2	1	1	1	1	3	1	5	4	5	5	4	1	4	1	5	3	3	3	1	5	1	5	5	1	5	6	5	1	4	6	1	6	1	1	1	1	1	1	1	7	3	3	1	3	2	2	1	7	7	7	2	7	7	1	7	7	7	2	2	2	1	1	2	1	2	1	1	1	1	1	1	1	1	3	2	5	1972	2	1	0	2	5	7	11	2	4	1	6	17235	68398	17004	16.79	66.64	16.57	1.014	0.501
1805	II057	0	Órgiva	Órgiva 1	Granada	2	26020	1178.12	22.09	26	1	18	0.22	1.57	1.37	0	12	38	1	1	10	2	6	1	1	2	1	1	1	1	4	1	3	4	7	4	4	1	5	2	7	3	3	3	1	6	1	1	6	1	6	6	1	1	6	6	1	5	1	1	1	1	1	1	1	7	7	7	7	3	2	3	1	7	7	7	7	7	7	2	7	7	7	1	1	2	1	1	2	1	2	1	1	1	1	1	1	1	2	1	1	4	1973	1	2	0	17	5	3	3	13	4	1	4	3337	16887	5796	12.82	64.9	22.28	0.576	0.541
1805	II058	1	Órgiva	Órgiva 2	Granada	2	26020	1178.12	22.09	26	1	18	0.22	1.57	1.37	0	12	38	1	2	10	1	1	1	2	1	1	1	1	1	3	1	2	4	4	5	4	1	5	2	7	2	2	2	1	1	1	1	5	5	5	5	4	1	5	5	1	2	1	1	1	5	1	1	2	7	7	7	7	7	2	3	2	7	7	7	7	7	7	7	7	7	7	2	2	2	1	1	2	1	2	1	1	1	1	1	1	1	1	1	2	3	1972	1	1	1	14	5	3	11	1	4	1	4	3337	16887	5796	12.82	64.9	22.28	0.576	0.541
2901	II059	1	Antequera	Antequera	Málaga	3	85497	1718.8	49.74	12	1	29	0.1	4.34	11.9	0	17	24	2	1	10	2	6	2	2	2	1	1	1	2	4	1	4	4	5	5	3	1	1	1	5	2	2	1	1	6	1	5	5	1	5	5	1	1	1	5	1	1	1	1	1	5	1	1	1	7	5	4	5	5	2	3	2	7	7	7	7	7	7	7	7	7	7	2	2	2	1	1	2	1	2	1	1	1	1	1	1	1	1	4	2	5	1960	1	1	3	2	5	2	11	7	5	1	18	14549	56576	14372	17.02	66.17	16.81	1.012	0.511
1304	II060	1	Manzanares	Manzanares	Ciudad Real	2	46832	896.68	52.23	6	8	13	-0.17	1.55	5.35	0	12	34	1	2	10	2	6	1	1	2	1	1	1	1	5	1	5	4	5	4	4	1	4	2	7	2	11	11	1	1	1	5	5	1	1	6	1	1	5	5	1	5	1	1	1	1	1	1	1	1	2	1	3	7	2	1	1	7	7	7	7	7	7	2	7	7	7	1	2	1	1	1	2	1	2	1	1	1	1	1	1	2	1	1	2	1	1967	2	1	2	14	5	9	11	3	5	1	8	7729	30935	8168	16.5	66.06	17.44	0.946	0.514
1603	II061	1	Motilla del Palancar	Motilla del Palancar 1	Cuenca	2	41010	2816.44	14.56	36	8	16	0.63	4.44	10.46	0	10	35	1	2	10	2	7	1	1	2	1	1	1	1	3	1	4	4	5	4	4	1	4	1	1	1	3	10	1	1	1	1	5	1	1	5	1	1	1	5	1	1	1	1	1	1	1	1	1	1	2	1	6	7	2	1	2	7	7	7	7	7	7	7	7	7	7	1	2	1	1	1	2	1	2	1	1	1	1	1	1	1	1	3	1	4	1970	2	2	0	8	4	3	3	13	5	1	7	6168	26300	8542	15.04	64.13	20.83	0.722	0.559
1308	II062	1	Tomelloso	Tomelloso 2	Ciudad Real	3	60701	896.95	67.67	4	8	13	0.67	8.26	25.23	0	12	37	2	1	10	2	6	3	1	1	1	1	1	1	3	1	4	3	3	4	3	1	3	1	1	3	3	3	1	1	1	5	5	1	1	6	1	1	5	5	1	5	1	1	1	1	1	1	1	3	3	1	2	7	1	1	1	7	7	7	7	7	7	7	7	7	2	1	2	1	1	1	2	1	2	1	1	1	1	1	1	1	1	2	2	3	1973	1	2	0	14	5	1	3	13	5	1	5	10352	40807	9542	17.05	67.23	15.72	1.085	0.488
4801	II063	0	Durango	Durango 2	Bizkaia	6	107741	503.88	213.82	23	16	48	0.54	4.25	7.57	0	17	32	1	2	10	2	6	2	2	1	1	1	1	1	2	1	5	5	5	5	5	2	7	2	7	7	11	3	1	1	1	1	1	6	1	5	5	1	1	1	1	1	1	1	1	1	7	7	1	1	7	7	1	7	2	3	2	7	7	7	7	7	7	7	7	7	7	2	2	1	1	1	2	1	2	1	1	1	1	1	1	1	1	3	2	5	1967	1	1	0	2	4	7	11	3	6	1	10	16188	72413	19140	15.02	67.21	17.76	0.846	0.488
4801	II064	0	Durango	Durango 4	Bizkaia	6	107741	503.88	213.82	23	16	48	0.54	4.25	7.57	0	14	36	1	2	10	2	6	1	2	2	1	1	1	1	2	1	3	5	5	5	6	1	4	1	3	1	2	3	5	1	1	5	5	5	5	5	1	1	5	5	5	5	1	5	1	1	1	1	1	2	7	7	4	3	2	2	2	7	7	7	7	7	7	7	7	7	7	2	2	1	1	2	1	1	2	1	1	1	1	1	1	1	1	2	2	3	1971	1	1	0	17	4	3	2	2	6	1	6	16188	72413	19140	15.02	67.21	17.76	0.846	0.488
3008	II065	1	Molina de Segura	Molina de Segura 3	Murcia	6	133366	274.42	485.99	6	14	30	1.14	14.42	35.85	0	34	35	1	2	10	2	6	2	1	2	1	1	1	1	3	1	3	2	4	5	4	1	2	1	2	2	7	2	1	1	1	3	3	1	3	6	1	1	1	6	1	4	1	1	1	1	1	1	1	7	4	7	7	7	2	2	2	7	7	7	7	7	7	7	7	7	7	1	2	2	1	2	2	1	2	1	1	1	1	1	1	1	1	3	2	3	1970	2	2	0	8	4	3	11	2	3	1	7	26285	92158	14923	19.71	69.1	11.19	1.761	0.447
3009	II066	1	Totana	Totana 2	Murcia	4	91933	1025.59	89.64	5	14	30	1.32	10.41	38.91	0	33	31	2	2	10	1	1	2	2	2	1	1	1	1	2	1	3	4	4	4	4	1	4	1	3	1	1	1	1	1	1	1	5	1	4	6	2	1	4	6	1	5	1	1	1	1	1	1	1	7	4	4	7	7	2	3	2	7	7	7	7	7	7	7	7	7	7	2	2	1	1	1	2	1	2	1	1	1	1	1	1	1	1	3	2	5	1966	2	1	2	2	5	10	11	10	4	1	11	16134	61436	14363	17.55	66.83	15.62	1.123	0.496
3003	II067	1	Cieza	Cieza	Murcia	4	76916	1139.4	67.51	9	14	30	0.53	4.44	11.66	0	12	38	1	2	10	2	6	2	1	2	1	1	1	1	2	1	5	4	4	4	4	1	3	2	7	3	3	1	1	1	1	1	5	1	4	6	1	1	1	5	1	5	1	1	1	1	1	1	1	7	2	7	7	7	2	1	2	7	7	7	7	7	7	7	7	7	7	2	2	1	1	1	2	1	2	1	1	1	1	1	1	1	1	3	2	3	1973	2	1	0	14	5	3	10	3	3	1	4	13385	50678	12853	17.4	65.89	16.71	1.041	0.518
3001	II068	1	Caravaca de la Cruz	Caravaca	Murcia	3	61791	2298.52	26.88	4	14	30	-0.41	4.39	12.83	0	34	34	2	2	10	2	6	1	2	2	1	1	1	1	3	2	3	4	5	4	4	1	2	1	2	2	3	3	1	1	1	1	5	1	5	4	1	1	5	6	1	1	5	1	1	1	1	1	1	7	4	7	2	4	2	1	2	7	7	7	7	7	7	7	7	7	7	2	2	1	1	2	1	1	2	1	1	1	1	1	1	1	1	1	2	2	1967	2	1	2	15	1	2	11	7	3	1	8	10385	40193	11213	16.81	65.05	18.15	0.926	0.537
3010	II069	1	Jumilla	Jumilla	Murcia	2	25926	969	26.76	1	14	30	-0.34	7.47	16.52	1	34	35	1	2	10	2	6	2	1	2	1	1	1	1	3	1	4	4	5	4	4	1	3	1	2	2	11	1	1	5	1	5	6	1	6	6	1	1	5	5	1	5	1	1	1	1	1	1	1	7	4	4	4	7	2	1	2	7	7	7	7	7	7	7	7	7	7	1	2	2	1	2	2	1	2	1	1	1	1	1	1	1	1	2	2	2	1970	2	1	0	15	4	7	11	7	4	0	7	4843	17674	3409	18.68	68.17	13.15	1.421	0.467
3007	II070	1	Yecla	Yecla	Murcia	2	34813	605.64	57.48	1	14	30	-0.38	2.5	12.77	0	34	39	1	2	10	2	6	2	2	1	1	1	1	1	4	1	3	3	4	4	3	1	4	1	4	1	2	11	1	5	1	5	5	1	5	6	1	1	5	5	1	3	1	1	1	5	1	1	1	7	5	1	5	7	2	2	2	7	7	7	7	7	7	7	7	7	7	2	2	1	1	2	2	1	2	1	1	1	1	1	1	1	1	3	2	2	1974	2	1	0	2	4	3	3	2	3	1	3	7012	22962	4839	20.14	65.96	13.9	1.449	0.516
3005	II071	1	Mula	Mula	Murcia	2	37128	809.97	45.84	5	14	30	0.17	4.93	14.77	0	34	36	1	2	10	1	1	2	1	2	1	1	1	1	4	1	2	3	5	4	4	1	4	1	4	1	2	2	1	1	1	1	5	1	5	6	1	1	6	5	1	3	6	6	1	5	1	1	1	7	5	5	7	7	2	1	2	7	7	7	7	7	7	7	7	7	7	2	2	2	1	2	2	1	2	1	1	1	1	1	1	1	1	3	2	5	1971	2	3	0	15	4	2	3	13	5	1	6	6718	24315	6095	18.09	65.49	16.42	1.102	0.527
3008	II072	1	Molina de Segura	Molina de Segura 1	Murcia	6	133366	274.42	485.99	6	14	30	1.14	14.42	35.85	0	34	39	1	2	10	1	1	1	2	2	1	1	1	1	1	1	5	5	5	5	5	1	2	1	2	2	10	12	1	1	1	5	5	1	5	6	1	1	1	5	1	5	1	1	1	1	1	1	1	7	2	7	7	7	2	1	2	7	7	7	7	7	7	7	7	7	7	2	2	1	1	2	1	1	2	1	1	1	1	1	1	1	1	6	2	4	1974	1	2	0	12	4	5	10	13	4	1	3	26285	92158	14923	19.71	69.1	11.19	1.761	0.447
3812	II073	1	Arona	Arona	Tenerife	10	153143	383.38	399.45	4	5	38	-1.71	12.14	70.19	0	54	36	1	2	10	1	5	1	1	2	1	1	2	1	1	2	3	4	5	5	4	1	2	1	3	1	12	12	1	5	6	5	6	1	2	6	1	6	5	6	1	5	1	1	1	1	1	1	1	7	7	7	7	7	2	6	2	7	7	7	7	7	7	7	7	7	7	1	1	2	1	1	1	1	2	1	1	1	1	1	1	1	2	2	2	3	1971	2	1	0	3	5	7	7	7	4	1	6	23337	110905	18901	15.24	72.42	12.34	1.235	0.381
3801	II074	1	Granadilla de Abona	Granadilla de Abona 4	Las Palmas	4	68440	439.5	155.72	4	5	38	1.69	21.75	83.12	0	12	40	1	1	10	1	3	1	1	1	1	1	2	1	1	1	5	4	5	5	4	1	1	1	5	2	1	3	1	1	1	5	5	1	5	5	1	1	1	5	1	5	1	1	1	1	1	1	1	7	7	7	4	7	2	1	2	7	7	7	7	7	7	7	7	7	7	1	2	1	1	1	2	1	2	1	1	1	1	1	1	1	1	3	2	4	1974	2	1	0	14	5	3	3	4	4	1	2	11822	49258	7360	17.27	71.97	10.75	1.606	0.389
3801	II075	1	Granadilla de Abona	Granadilla de Abona 2	Las Palmas	4	68440	439.5	155.72	4	5	38	1.69	21.75	83.12	0	43	34	2	2	10	1	4	1	1	2	1	1	1	1	2	1	4	4	4	5	4	1	5	1	5	1	12	12	1	1	1	1	6	5	5	5	1	1	1	6	1	5	5	4	1	1	1	1	1	7	3	7	7	7	1	6	2	7	7	7	7	7	7	7	7	7	7	2	2	1	1	2	1	1	2	1	1	1	1	1	1	1	1	3	2	4	1969	2	1	0	6	3	10	3	12	3	1	8	11822	49258	7360	17.27	71.97	10.75	1.606	0.389
3811	II076	1	Güímar	Güímar 1	Tenerife	3	52639	231.49	227.39	4	5	38	2.59	14.5	44.96	0	26	24	2	1	10	2	6	2	1	2	1	1	2	1	2	2	5	5	5	5	4	1	4	1	4	1	2	11	6	6	1	1	6	1	6	6	1	1	6	6	1	6	5	5	1	5	1	1	1	7	3	7	7	7	2	6	2	7	7	7	7	7	7	7	7	7	7	2	2	1	1	2	1	1	2	1	1	1	1	1	1	2	2	2	3	4	1960	2	1	0	6	3	12	11	7	5	1	18	8195	36437	8007	15.57	69.22	15.21	1.023	0.445
3504	II077	0	Santa María de Guía de Gran Canaria	Santa María de Guía 1	Las Palmas	4	61158	305.12	200.44	5	5	35	0.03	3.04	4.06	0	4	37	1	2	10	2	6	2	1	2	1	1	1	1	1	1	5	5	7	5	4	1	4	1	6	1	2	10	1	1	3	1	5	1	5	5	1	1	4	5	1	5	1	1	1	1	1	1	1	7	7	7	7	3	2	3	2	7	7	7	7	7	7	7	7	7	7	2	2	1	1	1	1	2	2	1	1	1	1	1	1	1	1	1	2	4	1972	2	1	1	14	5	10	11	2	5	1	5	9175	41834	10149	15	68.4	16.59	0.904	0.462
3507	II078	1	Arucas	Arucas 2	Las Palmas	2	64869	266.59	243.33	6	5	35	0.49	4.83	8.96	0	58	38	1	2	10	2	6	1	1	2	1	1	1	1	2	1	5	4	5	5	5	1	4	1	3	12	12	12	1	1	1	1	6	3	3	4	1	1	5	1	1	5	4	5	7	5	7	7	1	7	7	7	3	3	2	3	2	7	7	7	7	7	7	7	7	7	7	2	2	1	1	2	1	1	2	1	1	1	1	1	1	1	1	1	2	3	1973	2	1	0	6	4	3	3	3	5	1	4	9988	44986	9895	15.4	69.35	15.25	1.009	0.442
3504	II079	0	Santa María de Guía de Gran Canaria	Santa María de Guía 2	Las Palmas	4	61158	305.12	200.44	5	5	35	0.03	3.04	4.06	0	43	35	1	2	10	1	3	2	1	2	1	2	1	1	1	1	5	4	5	5	5	1	4	1	4	3	3	1	6	5	1	1	6	1	6	6	1	1	4	6	1	4	5	4	3	3	1	1	1	1	3	7	7	3	2	6	2	7	7	7	7	7	7	7	7	7	7	1	2	1	1	1	1	2	2	1	1	1	1	1	1	1	1	2	2	4	1970	2	2	0	6	4	10	3	13	4	1	7	9175	41834	10149	15	68.4	16.59	0.904	0.462
3507	II080	1	Arucas	Arucas 1	Las Palmas	2	64869	266.59	243.33	6	5	35	0.49	4.83	8.96	0	44	37	1	1	10	2	6	1	1	2	1	1	1	1	2	1	5	3	5	5	4	1	4	1	3	1	3	12	1	1	1	1	6	1	4	6	1	1	1	5	5	1	4	1	1	1	1	1	1	7	3	7	7	7	2	4	2	7	7	7	7	7	7	7	7	7	7	2	2	1	1	1	1	2	2	1	1	1	1	1	1	1	1	3	3	4	1972	1	2	0	18	5	12	12	13	6	1	5	9988	44986	9895	15.4	69.35	15.25	1.009	0.442
3506	II081	0	San Bartolomé de Tirajana	San Bartolomé de Tirajana 2	Las Palmas	9	78089	505.57	154.46	2	5	35	2.85	21.09	41.6	0	41	38	2	2	10	2	6	2	1	2	1	1	1	1	2	2	4	4	4	4	6	1	3	2	7	12	12	12	1	1	1	5	5	1	5	5	1	1	1	5	1	1	1	1	1	1	1	1	2	7	7	7	7	7	2	6	3	7	7	7	7	7	7	7	7	7	7	3	2	1	1	1	2	1	2	1	1	1	1	1	1	1	1	2	2	1	1973	1	2	0	9	4	13	13	13	3	1	4	11246	56987	9856	14.4	72.98	12.62	1.141	0.37
3506	II082	1	San Bartolomé de Tirajana	San Bartolomé de Tirajana 8	Las Palmas	9	78089	505.57	154.46	2	5	35	2.85	21.09	41.6	0	58	40	1	2	10	2	6	2	1	2	1	1	2	1	1	1	5	4	5	5	4	1	2	1	5	2	2	2	1	1	1	5	5	5	5	5	1	1	5	5	1	1	1	1	1	1	1	1	1	7	4	7	3	7	2	6	2	7	7	7	7	7	7	7	7	7	7	2	1	2	1	1	1	2	2	1	1	1	1	1	1	2	2	2	2	4	1975	2	2	0	6	4	5	11	13	5	1	2	11246	56987	9856	14.4	72.98	12.62	1.141	0.37
1203	II083	1	Vinaròs	Vinaròs 1	Castelló	6	92295	2388.79	38.64	34	10	12	0.5	9.22	25.07	0	51	39	1	2	10	1	2	1	2	1	1	1	1	1	3	2	5	5	1	5	5	2	7	1	2	2	2	2	1	6	1	1	5	1	1	5	2	1	3	3	1	1	1	1	1	1	1	1	1	7	1	7	7	1	1	1	2	7	7	7	7	7	7	7	7	7	7	1	2	1	1	1	1	2	2	1	1	1	1	1	1	1	1	4	1	5	1973	2	1	0	18	5	6	6	1	2	1	3	14023	60539	17733	15.19	65.59	19.21	0.791	0.525
4609	II084	0	Carlet	Carlet 1	València	4	82309	161.83	508.61	7	10	46	0.12	3.72	12.56	0	51	36	1	1	10	1	1	1	2	1	1	1	1	1	5	1	5	5	5	5	5	1	5	1	5	1	3	3	2	4	5	6	6	1	5	6	1	1	4	6	1	5	6	4	6	6	6	1	1	7	5	7	7	5	2	1	2	7	7	7	7	7	7	7	7	7	7	2	1	2	1	1	2	1	1	1	1	1	1	2	1	1	1	3	2	5	1971	2	1	0	18	5	3	11	3	5	1	6	13045	55879	13385	15.85	67.89	16.26	0.975	0.473
1205	II085	1	Vila-real	Vila-Real 2	Castelló	6	86601	102.11	848.11	2	10	12	0.39	7.71	24.83	0	24	36	1	2	10	2	6	1	2	1	1	1	1	1	1	1	5	3	5	5	3	1	2	1	5	3	2	6	1	2	1	5	6	1	4	4	1	1	6	6	1	4	1	1	1	1	1	1	1	7	7	7	7	2	2	1	2	7	7	7	7	7	7	7	7	7	7	2	1	2	1	1	2	1	2	1	1	1	1	1	1	1	1	3	2	5	1970	2	2	0	18	4	9	10	13	2	1	6	15582	58319	12700	17.99	67.34	14.66	1.227	0.485
1205	II086	1	Vila-real	Vila-Real 3	Castelló	6	86601	102.11	848.11	2	10	12	0.39	7.71	24.83	0	2	34	1	2	10	2	6	2	2	1	1	1	1	1	3	2	1	3	4	5	4	1	3	2	5	3	2	2	5	4	1	5	6	1	5	5	1	1	6	6	1	4	4	4	1	6	1	1	1	7	1	7	1	1	2	2	2	7	7	7	7	7	7	7	7	7	7	2	2	1	1	1	2	1	2	1	1	1	1	1	1	1	1	4	1	5	1969	1	2	0	3	4	1	3	1	4	1	8	15582	58319	12700	17.99	67.34	14.66	1.227	0.485
4609	II087	1	Carlet	Carlet 3	València	4	82309	161.83	508.61	7	10	46	0.12	3.72	12.56	0	41	39	1	2	10	2	6	1	1	2	1	1	1	1	3	1	5	3	5	3	6	1	5	1	5	3	3	3	6	1	1	1	6	1	6	4	1	1	1	4	1	1	3	1	1	1	1	1	1	7	1	7	7	1	2	1	2	7	7	7	7	7	7	7	7	7	7	2	2	1	1	1	1	2	2	1	1	1	1	1	1	1	1	5	2	5	1974	2	2	0	5	4	6	6	13	5	1	3	13045	55879	13385	15.85	67.89	16.26	0.975	0.473
4601	II088	1	Llíria	Llíria 3	València	6	166356	2524.09	65.91	41	10	46	2.22	13.81	38.92	0	44	33	1	1	10	2	6	1	2	1	1	1	1	1	3	1	5	3	5	4	4	1	4	1	1	1	7	11	1	5	1	1	4	1	3	6	1	1	3	5	1	4	6	4	1	1	1	1	1	7	7	7	7	1	2	1	2	7	7	7	7	7	7	7	7	7	7	2	2	1	1	1	2	1	2	1	1	1	1	1	1	1	1	5	2	4	1971	2	2	0	18	5	6	11	13	4	1	9	29109	113296	23951	17.5	68.1	14.4	1.215	0.468
4607	II089	1	Sagunto	Sagunt 3	València	5	90250	271.21	332.77	16	10	46	-0.05	7.73	21.71	0	51	36	1	2	10	1	1	1	1	2	1	1	1	1	1	1	5	5	5	5	4	1	5	1	2	11	10	2	1	5	1	5	5	5	5	6	4	1	5	4	1	5	4	1	1	1	1	1	1	7	7	7	7	1	2	1	2	7	7	7	7	7	7	7	7	7	7	2	1	2	1	2	1	1	2	1	1	1	1	1	1	1	1	3	2	4	1971	2	1	1	14	5	3	11	3	5	1	6	13423	60514	16313	14.87	67.05	18.08	0.823	0.491
4101	II090	1	Osuna	Osuna	Sevilla	2	39385	895.27	43.99	8	1	41	0.02	1.22	2.3	0	59	39	1	2	10	2	6	1	2	2	1	1	1	1	5	1	5	5	5	5	4	1	5	1	3	3	3	1	5	1	1	1	6	1	5	6	5	1	5	1	1	5	5	5	1	1	1	1	1	1	5	3	3	7	2	1	2	7	7	7	7	7	7	7	7	7	7	1	1	2	1	1	2	1	2	1	1	1	1	1	1	1	2	2	2	3	1974	1	1	1	2	4	2	3	3	5	1	3	7092	25589	6704	18.01	64.97	17.02	1.058	0.539
4109	II091	1	Utrera	Utrera	Sevilla	4	97554	928.11	105.11	4	1	41	0.77	6.7	12.46	0	59	39	1	2	10	2	6	1	1	2	1	1	1	1	4	1	4	4	5	4	4	1	3	2	7	1	1	1	1	1	1	1	5	1	5	5	1	1	4	1	1	5	1	1	1	1	1	1	1	7	3	7	3	7	2	1	2	7	7	7	7	7	7	7	7	7	7	1	1	2	1	2	1	1	2	1	1	1	1	1	1	1	1	3	2	5	1974	2	1	0	2	4	9	10	3	4	1	3	19120	66041	12393	19.6	67.7	12.7	1.543	0.477
4610	II092	1	Xàtiva	Xàtiva 2	València	4	91977	1131.98	81.25	26	10	46	0.25	5.28	11.14	0	51	36	2	1	10	1	2	1	1	2	1	1	1	1	1	1	5	3	5	4	4	1	2	2	7	3	3	1	1	1	1	4	4	1	4	5	5	1	1	1	1	5	1	1	1	1	1	1	1	3	3	1	2	3	2	3	2	7	7	7	7	7	7	7	7	7	7	1	2	1	1	2	1	1	2	1	1	1	1	1	1	1	1	2	2	3	1972	2	1	2	18	4	13	13	13	3	1	6	13440	62276	16261	14.61	67.71	17.68	0.827	0.477
306	II093	1	Elda	Elda	Alacant	4	89336	149.99	595.61	2	10	3	-0.13	1.33	9.77	0	2	33	1	1	10	1	1	2	1	2	1	1	1	1	2	1	4	4	5	5	4	1	2	2	7	11	1	1	1	1	1	7	1	7	1	5	1	1	1	1	1	4	1	1	1	1	1	1	1	7	3	7	7	7	2	3	2	7	7	7	7	7	7	7	7	7	7	2	1	2	1	1	2	1	2	1	1	1	1	1	1	1	1	2	2	3	1967	2	1	1	18	4	2	11	2	6	1	9	14763	60449	14124	16.53	67.66	15.81	1.045	0.478
4603	II094	1	Ontinyent	Ontinyent 3	València	4	93035	722.22	128.82	34	10	46	-0.5	3.6	11.99	0	51	36	1	2	10	2	6	2	1	2	1	1	1	1	1	2	5	3	3	4	3	1	5	1	3	10	2	1	1	1	1	4	6	1	3	6	1	1	5	1	1	1	1	1	5	1	1	1	1	7	3	7	7	4	2	1	2	7	7	7	7	7	7	7	7	7	7	1	1	2	1	1	2	1	2	1	1	1	1	1	1	1	2	2	2	4	1971	2	2	0	18	5	9	11	3	3	1	6	14943	62564	15528	16.06	67.25	16.69	0.962	0.487
4605	II095	1	Sueca	Sueca 4	València	6	97920	373.97	261.84	14	10	46	-0.27	4.01	11.44	0	44	34	1	2	10	1	1	1	1	2	1	1	1	1	2	2	5	4	5	5	3	2	7	1	1	2	2	2	1	5	1	4	5	1	4	6	1	1	5	5	1	5	4	1	7	7	7	7	1	7	3	7	7	3	2	1	1	7	7	7	7	7	7	2	7	7	7	2	1	2	1	1	2	1	2	1	1	1	1	1	1	2	2	2	2	4	1966	1	2	0	18	5	12	10	13	3	1	8	14601	65371	17948	14.91	66.76	18.33	0.814	0.498
4605	II096	1	Sueca	Sueca 3	València	6	97920	373.97	261.84	14	10	46	-0.27	4.01	11.44	0	44	35	1	2	10	1	1	2	2	1	1	1	1	1	2	2	5	4	5	5	5	1	3	2	7	3	3	10	1	1	1	1	6	1	5	6	1	1	5	6	1	1	1	1	1	1	1	1	1	7	7	7	7	3	2	1	2	7	7	7	7	7	7	7	7	7	7	2	1	2	1	1	2	1	2	1	1	1	1	1	1	1	1	4	2	5	1969	1	1	1	18	5	2	11	12	2	1	7	14601	65371	17948	14.91	66.76	18.33	0.814	0.498
305	II097	1	Vila Joiosa	Vila Joiosa 2	Alacant	3	69319	444.22	156.05	14	10	3	-1.32	16.09	46.44	0	10	38	1	2	10	2	6	3	1	1	1	1	1	1	2	1	4	3	5	5	4	1	3	1	1	3	3	3	1	1	1	1	5	1	4	6	5	1	5	5	1	5	1	3	1	1	1	1	1	7	3	7	3	7	2	3	2	7	7	7	7	7	7	7	7	7	7	1	2	1	1	2	1	1	2	1	1	1	1	1	1	2	2	2	2	4	1974	1	2	0	3	3	10	11	13	4	1	4	10910	46709	11700	15.74	67.38	16.88	0.932	0.484
205	II098	1	Roda, La	La Roda	Albacete	1	32960	1210.83	27.22	8	8	2	-0.37	3.79	10.72	1	58	38	1	2	10	2	6	2	2	1	1	1	1	1	3	1	3	3	4	5	4	1	3	1	3	3	3	11	1	1	1	3	5	1	5	6	1	1	4	5	1	4	4	1	1	5	1	1	1	7	3	3	3	7	2	1	2	7	7	7	7	7	7	7	7	7	7	2	2	1	1	1	2	1	1	1	2	1	1	1	1	1	1	2	1	5	1974	1	1	0	6	2	10	11	1	5	0	4	5228	21337	6395	15.86	64.74	19.4	0.818	0.545
4506	II099	1	Torrijos	Torrijos	Toledo	4	87272	1918.34	45.49	42	8	45	1.3	17.7	38.06	0	20	30	2	1	10	2	6	NA	NA	NA	NA	NA	NA	NA	NA	NA	NA	NA	NA	NA	NA	NA	NA	NA	NA	NA	NA	NA	NA	NA	NA	NA	NA	NA	NA	NA	NA	NA	NA	NA	NA	NA	NA	NA	NA	NA	NA	NA	NA	NA	NA	NA	NA	NA	NA	NA	NA	NA	NA	NA	NA	NA	NA	NA	NA	NA	NA	NA	NA	NA	NA	NA	NA	NA	NA	NA	NA	NA	NA	NA	NA	NA	NA	NA	NA	NA	NA	1	NA	NA	NA	NA	NA	NA	NA	NA	1	12	15242	56862	15168	17.46	65.15	17.38	1.005	0.535
2103	II100	1	Palma del Condado, La	La Palma del Condado	Huelva	3	74461	1828.9	40.71	11	1	21	0.92	5.81	12.31	0	43	39	1	2	10	2	6	1	1	2	1	1	1	1	1	1	4	3	4	5	4	1	4	1	3	2	2	2	1	1	1	1	5	1	2	4	1	1	1	5	1	4	2	3	1	1	1	1	1	1	3	2	1	3	1	2	2	7	7	7	7	7	7	7	7	7	7	2	2	1	1	2	1	1	2	1	1	1	1	1	1	1	1	2	2	5	1974	1	2	0	14	5	10	10	13	5	1	3	12710	49943	11808	17.07	67.07	15.86	1.076	0.491
1102	II101	1	Arcos de la Frontera	Arcos de la Frontera 1	Cádiz	3	89988	1525.3	59	12	1	11	-0.05	1.85	4.81	0	60	39	1	2	10	2	6	1	2	2	1	1	1	1	1	1	3	3	4	4	3	1	3	1	2	12	10	1	1	1	1	1	4	1	3	6	1	1	4	5	1	4	5	5	1	1	1	1	1	7	5	7	7	4	2	2	2	7	7	7	7	7	7	7	7	7	7	1	2	1	1	2	1	1	2	1	1	1	1	1	1	1	1	2	1	4	1975	2	2	0	13	4	10	10	12	3	1	3	16368	60005	13615	18.19	66.68	15.13	1.202	0.5
4114	II102	1	Coria del Río	Coria del Río	Sevilla	3	60740	578.06	105.08	5	1	41	1.72	12.67	26.79	0	48	39	1	2	10	2	6	1	1	2	1	1	1	1	2	1	4	4	5	4	5	1	4	2	7	3	1	2	1	1	1	5	6	1	5	6	1	1	5	1	1	5	1	1	1	1	1	1	1	7	3	7	7	3	2	2	2	7	7	7	7	7	7	7	7	7	7	2	1	2	1	2	1	1	2	1	1	1	1	1	1	1	1	2	1	3	1974	2	1	0	2	5	3	10	3	5	1	3	11737	42023	6980	19.32	69.19	11.49	1.682	0.445
1705	II103	1	Santa Coloma de Farners	Santa Coloma de Farners 4	Girona	4	86050	927.61	92.77	24	9	17	1.19	14.16	37	0	61	44	1	2	13	2	6	1	2	1	1	1	1	1	1	1	4	3	4	4	4	1	3	1	3	10	2	2	1	1	1	6	6	3	1	5	1	1	1	4	1	1	1	1	1	1	1	1	1	7	1	7	7	1	2	2	2	7	7	7	7	7	7	7	7	7	7	2	1	2	1	1	2	1	2	1	1	1	1	1	1	1	1	2	2	5	1980	2	1	0	10	5	10	11	5	4	1	4	15296	57174	13580	17.78	66.44	15.78	1.126	0.505
1705	II104	1	Santa Coloma de Farners	Santa Coloma de Farners 3	Girona	4	86050	927.61	92.77	24	9	17	1.19	14.16	37	0	62	42	1	2	12	2	6	2	2	1	1	1	1	1	1	1	5	3	5	4	4	2	7	1	2	7	10	10	1	1	1	6	6	3	6	4	1	1	5	6	1	4	1	2	1	1	1	1	1	7	1	7	7	1	2	2	2	7	7	7	7	7	7	7	7	7	7	2	1	2	1	1	2	1	2	1	1	1	1	1	1	1	2	2	2	4	1977	2	2	0	10	4	9	11	3	4	1	5	15296	57174	13580	17.78	66.44	15.78	1.126	0.505
805	II105	1	Vic	Vic 4	Barcelona	5	153401	1193.25	128.56	49	9	8	0.46	5.79	19.27	0	41	41	1	2	13	2	6	1	1	1	1	2	1	1	3	1	4	3	5	5	4	1	1	1	1	3	3	3	1	1	1	5	5	5	5	5	1	1	1	5	1	1	1	1	1	1	1	1	1	7	1	7	7	1	2	1	1	7	7	7	7	7	7	2	2	7	7	1	2	1	1	2	1	1	1	1	2	1	1	1	1	1	1	3	2	5	1975	1	2	0	9	3	10	6	3	2	1	7	27413	100491	25497	17.87	65.51	16.62	1.075	0.527
805	II106	1	Vic	Vic 1	Barcelona	5	153401	1193.25	128.56	49	9	8	0.46	5.79	19.27	0	54	44	1	2	13	1	7	1	1	2	1	1	1	1	5	1	4	3	5	5	4	1	2	1	4	3	7	10	1	4	1	1	5	4	4	5	1	1	5	5	1	3	1	1	1	1	1	1	1	7	1	7	7	1	2	1	1	7	7	3	3	7	7	2	7	7	7	2	1	2	1	1	2	1	2	1	1	1	1	1	1	1	1	3	2	5	1979	2	1	0	3	5	1	3	11	5	1	4	27413	100491	25497	17.87	65.51	16.62	1.075	0.527
807	II107	1	Igualada	Igualada 5	Barcelona	5	110199	850.57	129.56	32	9	8	0.4	8.27	26.59	0	62	40	1	1	12	2	6	1	1	2	1	1	1	1	1	1	4	4	3	3	3	1	5	2	7	10	10	1	1	1	1	5	5	5	5	5	1	1	1	5	1	5	1	5	1	1	1	1	1	7	7	7	7	1	2	2	2	7	7	7	7	7	7	7	7	7	7	2	1	2	1	2	1	1	2	1	1	1	1	1	1	1	2	2	2	3	1975	2	1	0	10	5	9	6	3	4	1	7	20076	72547	17576	18.22	65.83	15.95	1.142	0.519
807	II108	1	Igualada	Igualada 1	Barcelona	5	110199	850.57	129.56	32	9	8	0.4	8.27	26.59	0	63	43	1	1	12	2	6	1	2	2	1	1	1	1	1	1	3	1	5	5	2	1	3	1	4	10	10	1	6	2	1	1	4	4	1	4	5	1	5	5	1	3	1	2	1	1	1	1	1	7	1	7	7	1	2	2	1	7	7	7	7	7	7	7	1	7	7	1	2	1	1	1	2	1	1	2	1	1	1	1	1	1	1	4	2	5	1979	2	1	0	10	5	3	2	3	3	1	4	20076	72547	17576	18.22	65.83	15.95	1.142	0.519
809	II109	1	Vilafranca del Penedès	Vilafranca del Penedès 1	Barcelona	5	103447	545.85	189.52	26	9	8	1.07	9.05	32.2	0	6	35	2	1	NA	2	6	1	2	1	1	1	1	1	2	1	4	4	4	4	4	NA	NA	NA	NA	3	2	2	1	1	1	4	1	5	5	6	1	1	5	6	1	5	1	1	1	1	1	1	1	7	7	7	7	1	2	3	1	7	7	7	2	7	7	7	7	7	7	2	1	2	1	1	2	1	2	1	1	1	1	1	1	1	1	2	1	4	1970	2	2	0	10	5	10	11	13	3	1	NA	18998	68417	16032	18.36	66.14	15.5	1.185	0.512
1707	II110	1	Blanes	Blanes 4	Girona	6	86033	104.69	821.79	3	9	17	0.29	13.26	49.78	0	6	40	2	1	12	2	6	1	2	2	1	1	1	1	1	1	4	4	5	4	4	1	4	1	5	2	1	1	6	5	1	6	6	6	5	5	1	1	4	3	1	5	1	4	1	1	1	1	1	7	7	7	7	1	2	3	1	7	7	7	7	7	7	2	7	7	7	2	1	2	1	1	2	1	2	1	1	1	1	1	1	1	1	3	2	5	1970	2	2	0	10	5	3	12	13	5	1	7	14012	60571	11450	16.29	70.4	13.31	1.224	0.42
2506	II111	1	Vielha e Mijaran	Vielha	Lleida	1	10192	632.93	16.1	9	9	25	-0.14	6.68	28.4	1	20	42	1	2	13	1	1	3	1	1	1	1	1	1	1	1	5	4	4	4	4	1	4	2	7	3	1	1	1	5	5	1	6	6	6	5	1	1	1	5	1	1	5	6	1	1	1	1	1	5	5	7	5	7	1	1	2	7	7	7	7	7	7	7	7	7	7	1	1	2	1	1	2	1	2	1	1	1	1	1	1	1	1	2	2	3	1976	1	2	0	14	5	3	3	13	5	0	6	1552	7472	1168	15.23	73.31	11.46	1.329	0.364
2502	II112	1	Balaguer	Balaguer 1	Lleida	3	65940	1948.13	33.85	41	9	25	-0.12	3.04	12.33	0	63	45	1	2	12	2	6	1	2	2	1	1	1	1	3	1	5	4	5	5	4	1	4	2	7	1	5	2	1	1	1	1	1	6	1	5	1	1	4	5	1	5	1	5	1	1	1	1	1	7	1	7	7	7	2	3	1	7	7	7	7	7	7	3	7	7	7	2	2	1	1	2	1	1	2	1	1	1	1	1	1	1	1	4	2	5	1980	2	1	0	10	5	5	5	3	5	1	2	9830	42279	13831	14.91	64.12	20.98	0.711	0.56
2507	II113	1	Solsona	Solsona	Lleida	1	21934	1651.72	13.28	26	9	25	0.12	4.51	13.59	1	51	40	1	1	12	2	6	2	1	2	1	1	1	1	1	1	4	4	5	4	5	1	1	2	7	3	10	3	1	1	1	5	6	6	6	6	1	1	5	6	1	5	6	5	1	1	1	5	1	5	5	5	2	5	1	2	2	7	7	7	7	7	7	7	7	7	7	1	2	1	1	2	1	1	2	1	1	1	1	1	1	1	1	2	2	3	1973	1	1	1	18	2	10	3	3	5	0	7	3461	13986	4487	15.78	63.76	20.46	0.771	0.568
4303	II114	1	Amposta	Amposta 2	Tarragona	4	72261	737.13	98.03	12	9	43	-0.1	10.6	25.49	0	61	42	1	2	12	2	6	1	2	2	1	1	1	1	1	2	3	3	5	4	3	1	3	1	1	7	2	1	1	4	1	5	1	5	1	6	3	1	5	4	1	6	1	1	1	1	1	1	1	7	7	7	7	1	2	1	2	7	7	7	7	7	7	7	7	7	7	1	1	2	1	1	2	1	2	1	1	1	1	1	1	1	1	3	2	5	1977	2	4	0	10	2	10	7	7	3	1	5	11370	47580	13311	15.73	65.84	18.42	0.854	0.519
4304	II115	1	Valls	Valls 1	Tarragona	3	66952	1102.46	60.73	43	9	43	-0.18	8.69	22.29	0	50	42	2	1	12	1	2	2	1	2	1	1	1	1	5	1	3	4	5	5	4	1	4	1	4	7	7	10	5	5	1	5	5	5	5	6	1	1	4	2	1	5	5	6	1	6	1	1	1	7	1	7	7	1	1	2	1	7	7	7	7	7	1	1	1	7	1	2	1	2	1	1	2	1	2	1	1	1	1	1	1	1	1	3	2	4	1969	1	1	0	10	4	10	9	12	1	1	5	11083	43881	11988	16.55	65.54	17.91	0.925	0.526
4308	II116	1	Falset	Falset	Tarragona	1	22645	1083.21	20.91	31	9	43	-0.46	1.81	6.57	1	64	42	1	1	12	2	6	1	1	2	11	1	1	1	3	1	4	4	5	5	4	1	5	1	4	10	7	6	1	1	1	1	6	4	6	6	2	1	4	5	1	6	4	6	1	1	1	1	1	5	6	7	6	5	2	1	2	7	7	7	7	7	7	7	7	7	7	1	2	1	1	1	2	1	2	1	1	1	1	1	1	1	1	2	2	5	1978	2	2	0	10	4	6	6	13	1	0	5	2898	14344	5403	12.8	63.34	23.86	0.536	0.579
1707	II117	1	Blanes	Blanes 1	Girona	6	86033	104.69	821.79	3	9	17	0.29	13.26	49.78	0	60	41	2	2	12	2	6	1	2	2	1	1	1	1	1	1	5	3	5	5	4	1	3	1	1	7	10	12	1	1	1	1	1	5	4	5	1	1	1	4	1	5	1	1	1	1	1	6	1	7	7	7	1	7	2	1	1	7	7	7	3	7	7	7	7	2	7	1	1	2	1	1	2	1	2	1	1	1	1	1	1	1	1	2	2	5	1976	2	2	0	13	4	6	6	13	4	1	6	14012	60571	11450	16.29	70.4	13.31	1.224	0.42
1709	II118	1	Puigcerdà	Puigcerdà	Girona	1	14941	250.62	59.62	11	9	17	1.3	7.09	28.85	1	35	40	1	2	12	2	6	1	1	2	1	1	1	1	1	1	5	4	5	4	5	1	2	1	2	3	2	1	1	1	1	6	6	6	1	6	1	1	4	5	1	6	5	1	1	1	1	1	1	1	1	7	7	1	1	1	2	7	7	7	7	7	7	7	7	7	7	1	1	2	1	1	2	1	2	1	1	1	1	1	1	1	1	2	2	4	1976	2	1	0	13	4	3	3	2	5	0	7	2402	10424	2115	16.08	69.77	14.16	1.136	0.433
